{"cameraMode":{"drawMode":0,"name":"Shaded","section":"Shading Mode"},"sceneLighting":false,"audioPlay":false,"sceneViewState":{"showFog":true,"showMaterialUpdate":false,"showSkybox":false,"showFlares":true,"showImageEffects":true,"showParticleSystems":true},"in2DMode":false,"pivot":{"x":2.9670000076293947,"y":0.7409999966621399,"z":0.040000200271606448},"rotation":{"x":0.020368868485093118,"y":0.052465301007032397,"z":-0.0010675948578864337,"w":0.9984243512153626},"size":8.110384941101075,"orthographic":true}