{"cameraMode":{"drawMode":0,"name":"Shaded","section":"Shading Mode"},"sceneLighting":true,"audioPlay":false,"sceneViewState":{"showFog":true,"showMaterialUpdate":false,"showSkybox":true,"showFlares":true,"showImageEffects":true,"showParticleSystems":true},"in2DMode":false,"pivot":{"x":-32.8978157043457,"y":12.154475212097168,"z":0.2057090401649475},"rotation":{"x":-0.19854523241519929,"y":-0.04674198105931282,"z":0.009468971751630307,"w":-0.978943407535553},"size":28.6005802154541,"orthographic":true}