{"cameraMode":{"drawMode":0,"name":"Shaded","section":"Shading Mode"},"sceneLighting":false,"audioPlay":false,"sceneViewState":{"showFog":true,"showMaterialUpdate":false,"showSkybox":false,"showFlares":true,"showImageEffects":true,"showParticleSystems":true},"in2DMode":false,"pivot":{"x":8.485858917236329,"y":-22.11932373046875,"z":70.79669189453125},"rotation":{"x":0.1241285428404808,"y":0.028275538235902787,"z":-0.00353826186619699,"w":0.9918585419654846},"size":252.2965545654297,"orthographic":true}