{"cameraMode":{"drawMode":0,"name":"Shaded","section":"Shading Mode"},"sceneLighting":false,"audioPlay":false,"sceneViewState":{"showFog":true,"showMaterialUpdate":false,"showSkybox":false,"showFlares":true,"showImageEffects":true,"showParticleSystems":true},"in2DMode":false,"pivot":{"x":43.5,"y":16.799999237060548,"z":-0.10000002384185791},"rotation":{"x":0.07334185391664505,"y":0.05024302378296852,"z":-0.003695980878546834,"w":0.9960429072380066},"size":10.084395408630371,"orthographic":false}