{"cameraMode":{"drawMode":0,"name":"Shaded","section":"Shading Mode"},"sceneLighting":false,"audioPlay":false,"sceneViewState":{"showFog":true,"showMaterialUpdate":false,"showSkybox":false,"showFlares":true,"showImageEffects":true,"showParticleSystems":true},"in2DMode":false,"pivot":{"x":1.0900001525878907,"y":13.210000038146973,"z":3.130000114440918},"rotation":{"x":0.13708409667015077,"y":0.42830297350883486,"z":-0.0659145936369896,"w":0.8907432556152344},"size":35.01150894165039,"orthographic":true}