{"cameraMode":{"drawMode":0,"name":"Shaded","section":"Shading Mode"},"sceneLighting":false,"audioPlay":false,"sceneViewState":{"showFog":true,"showMaterialUpdate":false,"showSkybox":false,"showFlares":true,"showImageEffects":true,"showParticleSystems":true},"in2DMode":false,"pivot":{"x":43.45000076293945,"y":15.619999885559082,"z":-4.0},"rotation":{"x":0.020368868485093118,"y":0.052465301007032397,"z":-0.0010675948578864337,"w":0.9984243512153626},"size":5.109323978424072,"orthographic":true}