{"cameraMode":{"drawMode":0,"name":"Shaded","section":"Shading Mode"},"sceneLighting":false,"audioPlay":false,"sceneViewState":{"showFog":true,"showMaterialUpdate":false,"showSkybox":false,"showFlares":true,"showImageEffects":true,"showParticleSystems":true},"in2DMode":false,"pivot":{"x":6.9306182861328129,"y":18.162460327148439,"z":-85.93798828125},"rotation":{"x":-0.0050959512591362,"y":0.04798099398612976,"z":0.0002447927254252136,"w":0.9988360404968262},"size":22.0,"orthographic":false}