{"cameraMode":{"drawMode":0,"name":"Shaded","section":"Shading Mode"},"sceneLighting":false,"audioPlay":false,"sceneViewState":{"showFog":true,"showMaterialUpdate":false,"showSkybox":false,"showFlares":true,"showImageEffects":true,"showParticleSystems":true},"in2DMode":false,"pivot":{"x":43.45000076293945,"y":15.619999885559082,"z":-4.0},"rotation":{"x":-0.1615981012582779,"y":0.0005890988977625966,"z":-0.00009682041854830459,"w":-0.9868574738502502},"size":5.109323978424072,"orthographic":false}