{"cameraMode":{"drawMode":0,"name":"Shaded","section":"Shading Mode"},"sceneLighting":false,"audioPlay":false,"sceneViewState":{"showFog":true,"showMaterialUpdate":false,"showSkybox":false,"showFlares":true,"showImageEffects":true,"showParticleSystems":true},"in2DMode":false,"pivot":{"x":2.9670000076293947,"y":0.7409999966621399,"z":0.040000200271606448},"rotation":{"x":-0.7192952036857605,"y":-0.004795409739017487,"z":0.004964382853358984,"w":-0.6946732997894287},"size":8.486540794372559,"orthographic":false}