{"cameraMode":{"drawMode":0,"name":"Shaded","section":"Shading Mode"},"sceneLighting":true,"audioPlay":false,"sceneViewState":{"showFog":true,"showMaterialUpdate":false,"showSkybox":true,"showFlares":true,"showImageEffects":true,"showParticleSystems":true},"in2DMode":false,"pivot":{"x":40.466583251953128,"y":1.178460717201233,"z":2.7302658557891847},"rotation":{"x":0.13102538883686067,"y":0.43856126070022585,"z":-0.06480441987514496,"w":0.8867411613464356},"size":55.514854431152347,"orthographic":true}