{"cameraMode":{"drawMode":0,"name":"Shaded","section":"Shading Mode"},"sceneLighting":false,"audioPlay":false,"sceneViewState":{"showFog":true,"showMaterialUpdate":false,"showSkybox":false,"showFlares":true,"showImageEffects":true,"showParticleSystems":true},"in2DMode":false,"pivot":{"x":-3.7200000286102297,"y":9.399999618530274,"z":-4.809999942779541},"rotation":{"x":0.18039976060390473,"y":-0.6669885516166687,"z":0.17130641639232636,"w":0.7023537755012512},"size":0.6837403774261475,"orthographic":false}