{"cameraMode":{"drawMode":0,"name":"Shaded","section":"Shading Mode"},"sceneLighting":false,"audioPlay":false,"sceneViewState":{"showFog":true,"showMaterialUpdate":false,"showSkybox":false,"showFlares":true,"showImageEffects":true,"showParticleSystems":true},"in2DMode":false,"pivot":{"x":2.9670000076293947,"y":0.7409999966621399,"z":0.04000002145767212},"rotation":{"x":0.14892429113388062,"y":-0.16032223403453828,"z":0.024475449696183206,"w":0.9754655361175537},"size":2.249398946762085,"orthographic":true}