{"cameraMode":{"drawMode":0,"name":"Shaded","section":"Shading Mode"},"sceneLighting":false,"audioPlay":false,"sceneViewState":{"showFog":true,"showMaterialUpdate":false,"showSkybox":false,"showFlares":true,"showImageEffects":true,"showParticleSystems":true},"in2DMode":false,"pivot":{"x":2.5920000076293947,"y":0.919086217880249,"z":0.07019686698913574},"rotation":{"x":0.07877790927886963,"y":-0.1261584460735321,"z":0.01005125604569912,"w":0.9888310432434082},"size":2.203490734100342,"orthographic":true}