{"cameraMode":{"drawMode":0,"name":"Shaded","section":"Shading Mode"},"sceneLighting":false,"audioPlay":false,"sceneViewState":{"showFog":true,"showMaterialUpdate":true,"showSkybox":true,"showFlares":true,"showImageEffects":true,"showParticleSystems":true},"in2DMode":false,"pivot":{"x":43.6939811706543,"y":14.991040229797364,"z":-2.7464356422424318},"rotation":{"x":0.2541476786136627,"y":-0.13352078199386598,"z":0.035458043217659,"w":0.9572594165802002},"size":4.6791181564331059,"orthographic":false}