{"cameraMode":{"drawMode":0,"name":"Shaded","section":"Shading Mode"},"sceneLighting":false,"audioPlay":false,"sceneViewState":{"showFog":true,"showMaterialUpdate":false,"showSkybox":false,"showFlares":true,"showImageEffects":true,"showParticleSystems":true},"in2DMode":false,"pivot":{"x":2.9670000076293947,"y":0.7409999966621399,"z":0.040000200271606448},"rotation":{"x":-0.13429100811481477,"y":0.1462828814983368,"z":-0.020048566162586213,"w":-0.9798895716667175},"size":16.073062896728517,"orthographic":true}