{"cameraMode":{"drawMode":0,"name":"Shaded","section":"Shading Mode"},"sceneLighting":true,"audioPlay":false,"sceneViewState":{"showFog":true,"showMaterialUpdate":false,"showSkybox":true,"showFlares":true,"showImageEffects":true,"showParticleSystems":true},"in2DMode":false,"pivot":{"x":-37.64023208618164,"y":25.626506805419923,"z":7.777212142944336},"rotation":{"x":-0.10062181204557419,"y":0.01192957628518343,"z":-0.0012066091876477004,"w":-0.9948621392250061},"size":25.798805236816408,"orthographic":true}