{"cameraMode":{"drawMode":0,"name":"Shaded","section":"Shading Mode"},"sceneLighting":false,"audioPlay":false,"sceneViewState":{"showFog":true,"showMaterialUpdate":false,"showSkybox":false,"showFlares":true,"showImageEffects":true,"showParticleSystems":true},"in2DMode":false,"pivot":{"x":-0.020795034244656564,"y":4.243168830871582,"z":0.8669594526290894},"rotation":{"x":-0.10062181204557419,"y":0.01192957628518343,"z":-0.0012066091876477004,"w":-0.9948621392250061},"size":8.151606559753418,"orthographic":true}