{"cameraMode":{"drawMode":0,"name":"Shaded","section":"Shading Mode"},"sceneLighting":false,"audioPlay":false,"sceneViewState":{"showFog":true,"showMaterialUpdate":false,"showSkybox":false,"showFlares":true,"showImageEffects":true,"showParticleSystems":true},"in2DMode":false,"pivot":{"x":3.9952361583709719,"y":18.333423614501954,"z":13.455179214477539},"rotation":{"x":-0.1868794709444046,"y":0.33007869124412539,"z":-0.06684275716543198,"w":-0.9228619933128357},"size":14.695589065551758,"orthographic":true}