{"cameraMode":{"drawMode":0,"name":"Shaded","section":"Shading Mode"},"sceneLighting":false,"audioPlay":false,"sceneViewState":{"showFog":true,"showMaterialUpdate":false,"showSkybox":false,"showFlares":true,"showImageEffects":true,"showParticleSystems":true},"in2DMode":false,"pivot":{"x":40.63125228881836,"y":11.160316467285157,"z":-0.3423600196838379},"rotation":{"x":-0.13855202496051789,"y":-0.10615091770887375,"z":0.0149385966360569,"w":-0.9845395684242249},"size":10.149165153503418,"orthographic":false}