{"cameraMode":{"drawMode":0,"name":"Shaded","section":"Shading Mode"},"sceneLighting":true,"audioPlay":false,"sceneViewState":{"showFog":true,"showMaterialUpdate":false,"showSkybox":true,"showFlares":true,"showImageEffects":true,"showParticleSystems":true},"in2DMode":false,"pivot":{"x":-15.824573516845704,"y":14.882566452026368,"z":-10.407044410705567},"rotation":{"x":-0.14026279747486115,"y":-0.06143680587410927,"z":0.00872126780450344,"w":-0.9881712794303894},"size":39.2492790222168,"orthographic":true}